"범죄별(1)",범죄별(2),범죄별(3),2021,2021,2021,2021,2021,2021,2021,2021,2021,2021,2021,2021,2021,2021,2021,2021,2021,2022,2022,2022,2022,2022,2022,2022,2022,2022,2022,2022,2022,2022,2022,2022,2022,2022
"범죄별(1)",범죄별(2),범죄별(3),합계,동종재범,동종재범,동종재범,동종재범,동종재범,동종재범,동종재범,동종재범,이종재범,이종재범,이종재범,이종재범,이종재범,이종재범,이종재범,이종재범,합계,동종재범,동종재범,동종재범,동종재범,동종재범,동종재범,동종재범,동종재범,이종재범,이종재범,이종재범,이종재범,이종재범,이종재범,이종재범,이종재범
"범죄별(1)",범죄별(2),범죄별(3),소계,소계,1개월이내,3개월이내,6개월이내,1년이내,2년이내,3년이내,3년초과,소계,1개월이내,3개월이내,6개월이내,1년이내,2년이내,3년이내,3년초과,소계,소계,1개월이내,3개월이내,6개월이내,1년이내,2년이내,3년이내,3년초과,소계,1개월이내,3개월이내,6개월이내,1년이내,2년이내,3년이내,3년초과
"합계",소계,소계,584758,171343,8808,10904,11360,38861,20155,19729,61526,413415,5959,10235,13021,56914,41050,44598,241638,609519,180650,9575,11285,11667,39972,20845,21880,65426,428869,6283,10583,13217,55107,42380,49308,251991
"형법범",소계,소계,340385,100761,7284,8483,8368,27883,13134,11951,23658,239624,4326,6956,8397,35584,24585,26552,133224,349902,107597,7959,8665,8577,28686,13913,14115,25682,242305,4443,7009,8320,33772,24684,28148,135929
"형법범",재산범죄,소계,155583,57991,5699,5790,5396,18338,6942,6517,9309,97592,2436,3309,3755,16585,9940,11061,50506,160711,62914,6329,6037,5653,19018,7717,7861,10299,97797,2695,3449,3829,15441,9809,11527,51047
"형법범",재산범죄,절도,49795,22006,2242,2404,2088,5997,2926,2539,3810,27789,1032,1188,1167,3704,2470,2540,15688,53345,23846,2514,2631,2384,6260,3153,2902,4002,29499,1151,1405,1268,3665,2579,2710,16721
"형법범",재산범죄,장물,357,90,6,2,7,23,8,10,34,267,10,9,9,48,30,22,139,283,77,6,6,5,20,4,9,27,206,8,8,14,34,15,19,108
"형법범",재산범죄,사기,72181,30612,3158,2958,2826,10887,3265,3294,4224,41569,1014,1396,1677,8878,4595,5476,18533,72997,33205,3437,2918,2800,11263,3759,4147,4881,39792,1112,1299,1634,8193,4384,5513,17657
"형법범",재산범죄,횡령,10920,1860,130,150,161,556,230,244,389,9060,133,219,281,1314,782,864,5467,11880,2210,210,229,198,596,252,276,449,9670,194,270,265,1250,819,1057,5815
"형법범",재산범죄,배임,1108,112,7,4,3,42,13,11,32,996,13,12,26,124,71,102,648,965,98,2,2,5,33,12,19,25,867,10,7,14,72,64,96,604
"형법범",재산범죄,손괴,21222,3311,156,272,311,833,500,419,820,17911,234,485,595,2517,1992,2057,10031,21241,3478,160,251,261,846,537,508,915,17763,220,460,634,2227,1948,2132,10142
"형법범",강력범죄(흉악),소계,14310,2289,114,122,159,491,378,316,709,12021,216,378,432,1706,1310,1376,6603,15613,2698,144,165,177,588,356,398,870,12915,193,377,415,1762,1395,1592,7181
"형법범",강력범죄(흉악),살인,392,36,2,-,3,9,4,5,13,356,4,11,9,59,38,43,192,398,37,0,2,1,7,3,7,17,361,3,16,13,40,36,45,208
"형법범",강력범죄(흉악),강도,495,161,25,14,16,33,31,19,23,334,18,24,25,74,44,45,104,500,158,14,18,20,35,18,20,33,342,12,42,24,98,27,43,96
"형법범",강력범죄(흉악),방화,620,50,3,6,2,12,10,7,10,570,17,27,25,81,78,60,282,734,85,9,4,7,13,16,14,22,649,16,18,27,98,68,98,324
"형법범",강력범죄(흉악),성폭력,12803,2042,84,102,138,437,333,285,663,10761,177,316,373,1492,1150,1228,6025,13981,2418,121,141,149,533,319,357,798,11563,162,301,351,1526,1264,1406,6553
"형법범",강력범죄(폭력),소계,112465,31002,1022,2008,2150,6828,4481,3945,10568,81463,1049,2186,2739,10744,8569,8802,47374,117463,32424,1090,1956,2133,6854,4500,4465,11426,85039,991,2185,2696,10630,8830,9620,50087
"형법범",강력범죄(폭력),폭행,68574,19442,554,1227,1283,4168,2885,2520,6805,49132,495,1168,1530,6069,5093,5290,29487,75409,21086,630,1218,1327,4380,2898,2932,7701,54323,554,1199,1651,6280,5498,6019,33122
"형법범",강력범죄(폭력),상해,27179,8431,246,479,546,1829,1169,1069,3093,18748,269,534,663,2617,2039,2110,10516,25411,8130,230,439,509,1673,1141,1142,2996,17281,201,503,530,2377,1904,2053,9713
"형법범",강력범죄(폭력),협박,11755,1983,94,157,171,496,297,246,522,9772,140,231,338,1247,969,1005,5842,11944,2011,93,133,148,481,299,270,587,9933,99,258,325,1163,1045,1166,5877
"형법범",강력범죄(폭력),공갈,1979,525,82,79,67,164,48,40,45,1454,81,137,92,384,179,148,433,1858,561,74,98,80,161,61,51,36,1297,85,134,97,376,150,127,328
"형법범",강력범죄(폭력),약취와 유인,148,20,1,1,1,5,1,3,8,128,15,16,5,14,14,19,45,122,22,2,2,1,6,4,2,5,100,5,0,3,13,16,20,43
"형법범",강력범죄(폭력),체포와 감금,955,161,12,13,23,53,23,16,21,794,16,35,38,157,110,74,364,940,208,13,18,33,54,33,23,34,732,12,31,43,186,102,64,294
"형법범",강력범죄(폭력),폭력행위등(손괴강요주거침입등),1463,329,32,42,46,79,29,43,58,1134,28,52,54,169,115,105,611,1475,288,46,45,29,62,43,27,36,1187,33,46,41,185,101,147,634
"형법범",강력범죄(폭력),폭력행위 등(단체 등의 구성ㆍ활동),412,111,1,10,13,34,29,8,16,301,5,13,19,87,50,51,76,304,118,2,3,6,37,21,18,31,186,2,14,6,50,14,24,76
"형법범",위조범죄,소계,3549,660,56,38,69,240,68,79,110,2889,66,73,110,531,269,324,1516,3565,715,62,50,70,263,84,71,115,2850,65,91,106,472,277,339,1500
"형법범",위조범죄,통화,19,4,-,-,-,1,-,1,2,15,-,1,-,4,-,2,8,5,2,1,0,0,0,0,0,1,3,0,0,0,0,1,1,1
"형법범",위조범죄,유가증권ㆍ인지ㆍ우표,20,2,-,-,-,-,-,1,1,18,-,1,-,2,3,-,12,21,3,0,0,0,1,1,1,0,18,1,0,2,3,0,4,8
"형법범",위조범죄,문서,3309,634,53,36,69,233,67,76,100,2675,64,61,107,501,248,303,1391,3351,690,57,49,68,258,79,68,111,2661,58,83,94,441,265,311,1409
"형법범",위조범죄,인장,201,20,3,2,-,6,1,1,7,181,2,10,3,24,18,19,105,188,20,4,1,2,4,4,2,3,168,6,8,10,28,11,23,82
"형법범",공무원범죄,소계,292,15,-,-,-,5,1,2,7,277,5,3,6,25,16,15,207,288,18,0,0,0,5,0,3,10,270,3,3,4,32,18,24,186
"형법범",공무원범죄,직무유기,16,1,-,-,-,1,-,-,-,15,-,-,-,-,1,-,14,13,0,0,0,0,0,0,0,0,13,0,0,0,4,2,0,7
"형법범",공무원범죄,직권남용,31,-,-,-,-,-,-,-,-,31,-,-,-,2,1,1,27,20,2,0,0,0,0,0,1,1,18,0,0,2,2,0,0,14
"형법범",공무원범죄,수뢰,138,8,-,-,-,3,1,2,2,130,4,2,4,16,2,6,96,185,11,0,0,0,3,0,2,6,174,3,2,1,20,12,19,117
"형법범",공무원범죄,증뢰,107,6,-,-,-,1,-,-,5,101,1,1,2,7,12,8,70,70,5,0,0,0,2,0,0,3,65,0,1,1,6,4,5,48
"형법범",풍속범죄,소계,10916,2401,26,52,70,337,287,262,1367,8515,45,103,166,801,662,889,5849,8989,2159,22,27,65,311,251,318,1165,6830,42,78,113,730,534,742,4591
"형법범",풍속범죄,도박과 복표,9674,2039,16,36,48,249,226,207,1257,7635,37,79,128,682,562,779,5368,7846,1777,10,18,40,223,189,248,1049,6069,29,55,89,610,465,647,4174
"형법범",풍속범죄,신앙,73,2,-,1,-,1,-,-,-,71,-,2,3,9,7,6,44,60,3,0,0,0,2,0,0,1,57,1,0,2,7,5,10,32
"형법범",풍속범죄,기타 음란행위,1169,360,10,15,22,87,61,55,110,809,8,22,35,110,93,104,437,1083,379,12,9,25,86,62,70,115,704,12,23,22,113,64,85,385
"형법범",과실범죄,소계,3987,195,4,11,8,41,19,29,83,3792,20,43,61,301,263,310,2794,3949,190,8,6,11,26,20,22,97,3759,28,34,58,255,244,294,2846
"형법범",과실범죄,과실치사상,836,37,2,-,2,11,3,4,15,799,4,9,16,71,68,72,559,814,52,2,3,5,7,6,6,23,762,5,12,19,53,55,57,561
"형법범",과실범죄,업무상 과실치사상,2193,135,1,8,3,24,13,24,62,2058,11,12,23,146,132,161,1573,2104,125,5,3,5,17,12,14,69,1979,15,15,21,125,120,156,1527
"형법범",과실범죄,실화,958,23,1,3,3,6,3,1,6,935,5,22,22,84,63,77,662,1031,13,1,0,1,2,2,2,5,1018,8,7,18,77,69,81,758
"형법범",기타 형법범죄,소계,39283,6208,363,462,516,1603,958,801,1505,33075,489,861,1128,4891,3556,3775,18375,39324,6479,304,424,468,1621,985,977,1700,32845,426,792,1099,4450,3577,4010,18491
"형법범",기타 형법범죄,명예,8577,847,45,61,61,250,95,104,231,7730,117,144,204,986,731,818,4730,8313,888,49,58,67,256,106,113,239,7425,92,145,204,866,637,822,4659
"형법범",기타 형법범죄,권리행사 방해,1539,106,7,13,9,30,17,13,17,1433,13,34,45,256,116,166,803,1300,91,13,7,5,29,10,10,17,1209,19,28,53,203,118,145,643
"형법범",기타 형법범죄,신용업무 경매,11605,2494,150,176,204,656,444,315,549,9111,146,224,335,1330,994,1012,5070,12131,2598,111,169,172,675,413,412,646,9533,116,231,338,1277,1084,1201,5286
"형법범",기타 형법범죄,주거 침입,7792,1087,97,107,122,279,144,106,232,6705,115,223,260,1055,802,764,3486,6947,913,71,81,95,260,134,123,149,6034,95,169,219,840,744,698,3269
"형법범",기타 형법범죄,비밀침해,20,1,-,-,-,-,-,1,-,19,-,-,-,1,-,3,15,20,0,0,0,0,0,0,0,0,20,0,0,0,5,1,1,13
"형법범",기타 형법범죄,유기,51,7,1,-,-,1,1,-,4,44,-,-,-,5,3,5,31,58,4,0,1,1,0,0,1,1,54,0,0,0,4,2,6,42
"형법범",기타 형법범죄,교통방해,808,80,3,3,7,28,7,9,23,728,5,6,16,62,56,75,508,707,101,0,7,7,19,10,10,48,606,2,8,15,49,49,74,409
"형법범",기타 형법범죄,공무방해,7399,1463,53,91,110,331,237,226,415,5936,76,192,227,957,727,768,2989,8389,1713,50,97,107,341,295,276,547,6676,70,181,236,984,823,913,3469
"형법범",기타 형법범죄,도주와 범인 은닉,208,16,-,2,2,2,4,1,5,192,2,5,8,43,21,22,91,192,6,1,0,0,3,1,1,0,186,3,5,10,30,22,31,85
"형법범",기타 형법범죄,위증과 증거인멸,277,7,-,1,-,2,2,1,1,270,2,2,6,33,27,34,166,260,9,0,0,2,1,1,2,3,251,2,3,0,41,15,26,164
"형법범",기타 형법범죄,무고,691,51,7,5,-,15,4,10,10,640,12,21,25,111,63,78,330,669,52,5,3,6,14,3,7,14,617,19,18,18,124,56,71,311
"형법범",기타 형법범죄,공안을 해하는 죄,308,49,-,3,1,9,3,15,18,259,1,10,2,50,16,29,151,320,104,4,1,6,23,12,22,36,216,8,4,6,26,23,21,128
"형법범",기타 형법범죄,내란의죄,-,-,-,-,-,-,-,-,-,-,-,-,-,-,-,-,-,0,0,0,0,0,0,0,0,0,0,0,0,0,0,0,0,0
"형법범",기타 형법범죄,음용수에 관한 죄,4,-,-,-,-,-,-,-,-,4,-,-,-,1,-,-,3,12,0,0,0,0,0,0,0,0,12,0,0,0,0,2,1,9
"형법범",기타 형법범죄,일수와 수리에 관한 죄,3,-,-,-,-,-,-,-,-,3,-,-,-,1,-,-,2,5,0,0,0,0,0,0,0,0,5,0,0,0,1,0,0,4
"형법범",기타 형법범죄,기타,1,-,-,-,-,-,-,-,-,1,-,-,-,-,-,1,-,1,0,0,0,0,0,0,0,0,1,0,0,0,0,1,0,0
"특별법범",소계,소계,244373,70582,1524,2421,2992,10978,7021,7778,37868,173791,1633,3279,4624,21330,16465,18046,108414,259617,73053,1616,2620,3090,11286,6932,7765,39744,186564,1840,3574,4897,21335,17696,21160,116062
"특별법범",가정폭력범죄의 처벌 등에 관한 특례법,소계,665,197,44,48,26,55,8,8,8,468,27,43,35,87,42,57,177,840,256,53,46,33,77,19,11,17,584,38,70,39,94,45,59,239
"특별법범",가축분뇨의관리및이용에관한법률,소계,357,127,1,6,11,36,12,11,50,230,1,1,3,21,24,17,163,331,119,1,5,11,36,17,12,37,212,1,2,5,12,14,17,161
"특별법범",감염병의예방및관리에관한법률,소계,12476,528,60,79,83,166,38,42,60,11948,62,126,199,1170,1098,1327,7966,20194,1386,112,212,241,556,101,63,101,18808,119,219,304,1776,1790,2311,12289
"특별법범",개발제한구역의 지정 및 관리에 관한 특별조치법,소계,302,102,3,1,4,29,9,10,46,200,2,1,2,23,8,16,148,219,78,1,1,1,17,13,9,36,141,1,3,8,16,8,10,95
"특별법범",개인정보보호법,소계,552,23,2,1,1,8,1,5,5,529,7,8,13,59,28,52,362,534,23,3,0,1,5,1,2,11,511,9,3,9,57,43,89,301
"특별법범",건강기능식품에관한법률,소계,43,3,-,-,-,1,1,-,1,40,1,1,1,4,2,2,29,44,0,0,0,0,0,0,0,0,44,0,0,0,3,3,3,35
"특별법범",건설기계 관리법,소계,212,34,1,-,2,5,4,7,15,178,3,1,5,18,12,15,124,294,26,0,2,0,6,1,1,16,268,0,0,3,16,11,19,219
"특별법범",건설산업 기본법,소계,510,57,1,-,1,17,7,11,20,453,3,8,11,77,30,47,277,588,34,1,2,0,17,4,3,7,554,11,4,8,84,42,61,344
"특별법범",건축법,소계,1341,138,1,4,5,34,14,18,62,1203,5,15,22,129,74,105,853,1113,92,2,2,8,23,6,8,43,1021,10,14,25,87,67,86,732
"특별법범",게임산업진흥에관한법률,소계,2371,669,20,23,47,175,82,95,227,1702,18,13,31,160,129,190,1161,2496,734,14,35,39,141,126,130,249,1762,14,11,25,159,149,200,1204
"특별법범",결혼중개업의관리에관한법률,소계,18,6,-,-,-,4,1,-,1,12,-,-,-,1,1,1,9,15,4,0,0,0,0,0,2,2,11,0,0,1,2,3,1,4
"특별법범",경범죄처벌법,소계,4348,653,43,69,75,187,115,70,94,3695,74,138,177,693,492,458,1663,4971,715,47,59,89,208,101,88,123,4256,63,142,180,727,542,603,1999
"특별법범",고용보험법,소계,206,4,-,1,-,1,-,-,2,202,-,1,3,15,14,8,161,194,3,0,0,0,1,0,1,1,191,0,1,1,14,11,11,153
"특별법범",공유수면관리및매립에관한법률,소계,143,16,-,1,-,2,3,6,4,127,1,-,3,20,12,8,83,180,20,0,0,0,6,6,0,8,160,0,2,5,16,17,12,108
"특별법범",공유재산및물품관리법,소계,69,8,-,-,1,-,1,-,6,61,1,1,1,5,4,8,41,62,4,0,1,0,1,0,0,2,58,0,2,1,4,8,7,36
"특별법범",공인중개사법,소계,479,54,3,1,3,11,4,6,26,425,3,4,2,38,26,38,314,494,55,0,0,3,14,7,3,28,439,2,0,4,36,16,34,347
"특별법범",공중위생관리법,소계,582,267,28,39,34,78,38,26,24,315,3,5,4,23,23,36,221,567,245,15,34,25,98,32,20,21,322,0,4,8,28,15,34,233
"특별법범",공직선거법,소계,97,10,-,-,-,6,2,1,1,87,-,-,4,4,8,10,61,1426,142,2,3,2,20,21,16,78,1284,5,13,18,95,65,121,967
"특별법범",관세법,소계,19,3,-,-,-,-,1,-,2,16,-,-,-,-,2,5,9,8,1,0,0,1,0,0,0,0,7,0,0,1,0,0,1,5
"특별법범",교통사고 처리특례법,소계,35746,8441,95,200,272,989,827,914,5144,27305,156,329,500,2185,1986,2296,19853,30941,7236,65,142,207,693,638,806,4685,23705,134,299,416,1815,1749,2071,17221
"특별법범",국가기술자격법,소계,52,1,-,-,-,-,1,-,-,51,1,-,1,2,4,2,41,49,2,0,0,0,1,0,0,1,47,0,0,0,2,5,1,39
"특별법범",국가보안법,소계,34,5,-,-,1,-,-,2,2,29,-,-,-,2,7,2,18,18,7,0,0,0,0,0,2,5,11,1,0,1,0,2,0,7
"특별법범",국민체육진흥법,소계,421,48,1,1,1,17,4,7,17,373,4,10,9,83,44,36,187,278,48,4,0,4,10,10,10,10,230,4,9,10,50,26,40,91
"특별법범",국토의계획및이용에관한법률,소계,895,107,8,2,7,21,19,22,28,788,8,10,13,74,61,58,564,957,97,6,4,9,28,13,10,27,860,6,9,24,96,52,69,604
"특별법범",근로기준법,소계,1404,482,14,28,60,142,83,60,95,922,6,24,39,106,85,87,575,920,276,9,20,26,64,41,35,81,644,13,16,19,66,70,66,394
"특별법범",근로자퇴직급여보장법,소계,265,67,1,6,7,12,11,8,22,198,1,2,5,16,21,15,138,184,43,2,5,1,10,6,5,14,141,4,0,6,8,14,9,100
"특별법범",낚시관리및육성법,소계,111,38,-,4,4,10,3,6,11,73,-,-,3,5,6,4,55,113,26,2,1,1,8,5,2,7,87,0,0,3,16,15,5,48
"특별법범",노동조합 및 노동관계조정법,소계,15,1,-,-,-,-,-,-,1,14,-,-,-,2,-,1,11,7,1,0,0,0,0,1,0,0,6,0,0,0,0,1,1,4
"특별법범",농수산물유통 및 가격안정에 관한법률,소계,9,2,-,-,-,-,1,-,1,7,1,-,-,-,1,1,4,8,1,0,0,0,1,0,0,0,7,0,0,0,1,0,1,5
"특별법범",농수산물의원산지표시에관한법률,소계,149,26,-,-,-,2,2,7,15,123,-,2,3,4,7,10,97,-,-,-,-,-,-,-,-,-,-,-,-,-,-,-,-,-
"특별법범",농수산물의원산지표시등에관한법률,소계,-,-,-,-,-,-,-,-,-,-,-,-,-,-,-,-,-,129,13,0,0,0,1,0,2,10,116,0,0,0,6,9,13,88
"특별법범",농지법,소계,1114,94,4,6,9,32,14,9,20,1020,7,8,10,83,36,68,808,754,66,2,5,5,19,10,9,16,688,4,7,19,69,37,57,495
"특별법범",대기환경보전법,소계,1061,205,8,12,17,52,22,22,72,856,6,4,16,68,66,75,621,927,154,3,6,15,52,24,11,43,773,2,8,12,71,61,71,548
"특별법범",대부업등의등록및금융이용자보호에관한법률,소계,570,113,4,2,17,37,9,9,35,457,7,11,18,91,37,57,236,474,73,6,1,10,14,9,13,20,401,7,9,8,91,58,43,185
"특별법범",도로교통법,소계,5939,1081,35,66,64,186,111,129,490,4858,58,113,147,602,468,546,2924,5763,994,44,50,69,190,98,105,438,4769,64,113,135,595,455,548,2859
"특별법범",도로교통법(무면허운전),소계,13650,5679,224,409,496,1445,839,620,1646,7971,188,484,645,2199,1366,895,2194,14000,5814,228,465,495,1512,841,671,1602,8186,209,496,639,2078,1414,1050,2300
"특별법범",도로교통법(사고후미조치),소계,3025,566,14,17,24,76,63,57,315,2459,20,49,60,249,244,264,1573,3151,606,11,20,17,77,57,50,374,2545,16,47,60,211,228,296,1687
"특별법범",도로교통법(음주운전),소계,59308,28229,189,283,403,1575,1728,2574,21477,31079,177,456,712,3145,3155,3414,20020,63992,30025,203,344,410,1637,1635,2307,23489,33967,211,476,723,2920,3179,3898,22560
"특별법범",도로교통법(음주측정거부),소계,2619,1233,18,16,30,102,89,141,837,1386,15,20,37,183,161,165,805,3167,1403,18,19,30,94,108,125,1009,1764,16,35,42,188,176,240,1067
"특별법범",도로법,소계,2794,544,22,14,12,52,19,25,400,2250,10,24,29,155,121,172,1739,4046,884,28,29,15,99,39,52,622,3162,9,22,47,173,180,263,2468
"특별법범",도시및주거환경정비법,소계,245,58,2,3,2,24,6,15,6,187,2,5,2,23,13,16,126,196,57,1,3,2,22,10,11,8,139,0,1,1,11,8,22,96
"특별법범",독점규제 및 공정거래에 관한법률,소계,1,-,-,-,-,-,-,-,-,1,-,-,-,-,1,-,-,0,0,0,0,0,0,0,0,0,0,0,0,0,0,0,0,0
"특별법범",디자인보호법,소계,29,1,-,-,-,1,-,-,-,28,-,1,-,3,4,-,20,17,0,0,0,0,0,0,0,0,17,0,0,0,2,0,3,12
"특별법범",마약류관리에 관한 법률(대마),소계,978,256,12,9,16,103,28,37,51,722,5,9,13,156,80,99,360,1116,375,24,22,18,158,33,58,62,741,12,14,14,130,70,105,396
"특별법범",마약류관리에 관한 법률(마약),소계,559,98,5,10,17,25,7,12,22,461,2,14,11,37,22,14,361,673,89,3,5,8,25,14,15,19,584,2,4,8,26,27,25,492
"특별법범",마약류관리에 관한 법률(향정),소계,4005,1958,60,86,123,571,334,411,373,2047,24,46,97,427,262,312,879,4627,2101,63,90,121,600,347,451,429,2526,31,90,109,514,330,450,1002
"특별법범",물환경보전법,소계,174,9,-,1,1,3,1,-,3,165,-,-,1,14,16,9,125,203,13,0,2,3,3,4,0,1,190,2,2,2,9,16,16,143
"특별법범",배타적경제수역에서의 외국인어업등에 관한 주권적권리의 행사에 관한법률,소계,6,6,-,-,-,-,2,1,3,-,-,-,-,-,-,-,-,4,4,0,0,0,0,0,0,4,0,0,0,0,0,0,0,0
"특별법범",범죄수익은닉의 규제 및 처벌 등에 관한법률,소계,27,6,-,-,-,1,3,1,1,21,1,1,-,1,1,6,11,31,4,0,1,1,1,0,1,0,27,1,0,1,3,2,1,19
"특별법범",변호사법,소계,127,25,2,1,1,3,3,7,8,102,1,-,1,9,6,17,68,141,29,1,0,2,8,3,6,9,112,1,3,5,12,7,13,71
"특별법범",병역법,소계,726,166,3,6,15,50,32,35,25,560,8,21,33,174,90,84,150,1178,188,2,5,8,61,38,44,30,990,16,40,49,252,160,149,324
"특별법범",보조금관리에관한법률,소계,429,16,1,1,1,4,1,1,7,413,5,6,5,27,28,31,311,511,20,1,2,0,4,2,2,9,491,6,5,9,43,29,33,366
"특별법범",부동산 실권리자 명의등기에 관한법률,소계,333,22,3,1,5,4,4,2,3,311,2,1,-,26,32,19,231,239,11,1,1,1,4,1,1,2,228,0,0,3,26,14,30,155
"특별법범",부정경쟁방지 및 영업비밀보호에 관한법률,소계,121,3,1,-,-,-,-,-,2,118,-,1,6,7,8,11,85,133,3,0,0,1,2,0,0,0,130,2,0,0,7,4,9,108
"특별법범",부정수표단속법,소계,137,28,1,5,4,10,4,-,4,109,1,1,3,14,9,11,70,110,19,1,1,0,6,0,2,9,91,0,0,2,25,5,3,56
"특별법범",사행행위 등 규제 및 처벌특례법,소계,245,61,1,1,3,8,5,8,35,184,-,1,3,23,20,24,113,202,52,2,0,1,12,6,6,25,150,1,1,0,13,12,14,109
"특별법범",산림자원의조성및관리에관한법률,소계,151,13,-,1,1,2,3,2,4,138,2,1,2,6,8,11,108,96,11,0,0,1,2,0,0,8,85,0,0,0,7,2,7,69
"특별법범",산업안전보건법,소계,288,93,-,2,4,7,17,18,45,195,1,1,4,16,12,16,145,313,98,2,2,3,8,9,16,58,215,1,4,4,6,20,20,160
"특별법범",산지관리법,소계,464,53,-,-,1,5,7,12,28,411,9,7,5,39,23,37,291,463,74,0,1,0,13,12,17,31,389,0,4,6,29,36,29,285
"특별법범",상표법,소계,957,333,11,10,18,52,38,26,178,624,1,6,9,44,46,44,474,894,365,1,15,18,65,36,47,183,529,2,5,8,29,35,52,398
"특별법범",석유및석유대체연료사업법,소계,234,58,-,-,4,12,12,6,24,176,2,1,1,20,9,15,128,234,83,5,4,0,17,21,11,25,151,0,4,1,19,10,14,103
"특별법범",선박안전법,소계,189,51,3,2,4,12,12,5,13,138,-,3,3,12,15,19,86,180,42,2,1,4,13,10,4,8,138,1,2,2,15,9,21,88
"특별법범",선박직원법,소계,147,23,-,-,1,9,4,2,7,124,1,-,2,17,11,23,70,161,26,0,3,0,8,4,3,8,135,0,2,3,12,15,18,85
"특별법범",성매매알선등행위의처벌에관한법률,소계,3304,832,15,27,34,185,103,116,352,2472,17,35,47,323,244,266,1540,3198,778,23,29,28,157,93,103,345,2420,20,25,37,224,216,374,1524
"특별법범",수도법,소계,78,5,-,-,-,1,-,1,3,73,3,-,1,9,3,3,54,39,2,1,0,0,0,0,0,1,37,1,0,0,3,3,2,28
"특별법범",수산업법,소계,445,182,1,2,7,60,33,29,50,263,2,6,11,37,32,23,152,408,128,2,1,6,24,28,30,37,280,0,2,10,34,35,41,158
"특별법범",수산자원관리법,소계,325,65,-,-,1,16,11,13,24,260,1,2,4,38,32,18,165,283,61,1,1,1,9,10,12,27,222,1,1,1,23,24,22,150
"특별법범",스토킹범죄의처벌등에관한법률,소계,438,43,5,4,5,7,11,3,8,395,12,18,23,61,57,50,174,4717,611,76,103,88,185,51,44,64,4106,76,144,164,630,501,592,1999
"특별법범",식품위생법,소계,3391,1182,20,47,61,332,204,127,391,2209,13,29,48,219,188,218,1494,2915,1126,31,46,72,300,200,150,327,1789,21,21,43,168,163,163,1210
"특별법범",신용정보의 이용 및 보호에 관한법률,소계,11,1,-,-,-,1,-,-,-,10,2,-,-,3,-,1,4,12,2,1,0,0,0,0,1,0,10,0,0,0,1,0,2,7
"특별법범",아동·청소년의성보호에관한법률(성매수등),소계,354,84,7,12,11,19,6,11,18,270,6,28,19,66,31,35,85,275,65,5,7,7,9,5,12,20,210,9,12,11,46,21,24,87
"특별법범",아동·청소년의성보호에관한법률(성착취물등),소계,254,80,10,1,2,24,10,13,20,174,4,8,10,35,17,25,75,280,101,10,6,5,40,13,13,14,179,8,7,14,38,29,18,65
"특별법범",아동복지법,소계,6767,974,34,96,100,281,168,124,171,5793,45,103,139,606,452,561,3887,6275,1066,20,83,107,356,172,135,193,5209,26,79,114,486,411,542,3551
"특별법범",액화석유가스의 안전관리 및 사업법,소계,103,16,1,1,-,3,-,3,8,87,-,2,-,10,5,8,62,73,10,1,2,0,1,2,1,3,63,0,0,0,10,2,8,43
"특별법범",약사법,소계,437,177,4,3,5,25,18,10,112,260,2,2,3,34,18,16,185,442,201,1,4,8,31,19,11,127,241,2,2,2,20,16,11,188
"특별법범",여객자동차운수사업법,소계,362,89,6,3,4,21,18,12,25,273,2,3,9,52,26,22,159,280,76,7,4,5,12,10,19,19,204,2,0,2,32,15,22,131
"특별법범",여신전문금융업법,소계,526,120,8,14,16,41,14,8,19,406,6,17,13,61,40,36,233,574,137,10,15,16,34,16,11,35,437,15,13,19,57,33,39,261
"특별법범",영유아보육법,소계,49,12,-,-,1,2,1,2,6,37,-,-,1,2,2,2,30,33,7,0,0,1,2,0,1,3,26,0,1,0,5,2,5,13
"특별법범",예비군법,소계,168,54,3,5,2,16,12,7,9,114,3,3,4,31,20,11,42,594,174,8,8,6,17,21,61,53,420,4,15,17,68,47,77,192
"특별법범",옥외광고물등의 관리와 옥외광고산업진흥에 관한법률,소계,96,22,-,1,1,12,3,1,4,74,-,2,-,6,11,12,43,107,20,0,1,0,6,6,4,3,87,1,4,2,5,4,10,61
"특별법범",외국환거래법,소계,116,27,6,3,-,5,2,4,7,89,13,3,-,10,6,7,50,126,26,1,0,1,9,4,5,6,100,2,1,3,6,11,25,52
"특별법범",위험물안전관리법,소계,41,9,-,-,1,1,3,2,2,32,-,-,2,3,3,2,22,41,6,1,0,0,1,1,1,2,35,0,1,1,5,0,3,25
"특별법범",유사 수신행위의 규제에 관한법률,소계,572,210,3,3,5,52,17,50,80,362,2,4,4,23,19,35,275,758,231,5,4,8,55,19,39,101,527,2,6,11,35,21,52,400
"특별법범",의료기기법,소계,119,26,-,1,1,6,5,3,10,93,1,-,1,7,2,6,76,81,10,0,0,0,3,2,2,3,71,0,2,4,5,7,4,49
"특별법범",의료법,소계,1358,431,13,17,23,100,62,69,147,927,4,16,18,105,76,103,605,1006,250,5,5,12,58,39,49,82,756,8,5,10,76,47,72,538
"특별법범",자동차관리법,소계,12247,1373,72,107,115,316,178,162,423,10874,71,120,197,1051,905,959,7571,11871,1562,91,119,123,406,212,204,407,10309,76,134,220,940,859,996,7084
"특별법범",자동차손해배상보장법,소계,3145,848,54,95,95,259,93,92,160,2297,45,79,115,425,290,277,1066,2742,793,38,75,67,254,89,88,182,1949,44,84,84,372,242,279,844
"특별법범",자본시장과금융투자업에관한법률,소계,185,24,-,2,2,8,3,1,8,161,6,1,5,15,12,17,105,264,34,1,1,0,16,6,4,6,230,0,3,2,32,20,40,133
"특별법범",저작권법,소계,1047,212,33,25,22,81,8,15,28,835,6,13,12,88,71,91,554,1113,166,10,24,8,55,25,17,27,947,9,9,9,79,58,88,695
"특별법범",전자금융거래법,소계,4503,900,45,65,74,375,122,94,125,3603,47,79,104,644,356,420,1953,4990,922,42,54,56,348,124,141,157,4068,48,84,142,757,414,535,2088
"특별법범",전파법,소계,58,5,-,-,1,2,2,-,-,53,-,1,2,3,4,1,42,37,2,0,0,0,1,0,0,1,35,0,0,1,3,4,1,26
"특별법범",정보통신망이용촉진 및 정보보호 등에 관한법률,소계,2957,480,41,35,39,191,44,47,83,2477,47,75,82,400,279,259,1335,2658,491,29,30,53,167,63,55,94,2167,53,61,67,337,234,266,1149
"특별법범",조세범 처벌법,소계,1325,168,4,9,9,71,20,30,25,1157,22,12,30,206,86,179,622,1454,184,10,5,13,65,30,38,23,1270,34,23,26,223,123,159,682
"특별법범",주민등록법,소계,656,159,10,18,16,58,24,21,12,497,15,28,28,106,67,64,189,684,180,14,23,26,60,27,21,9,504,16,30,48,107,61,72,170
"특별법범",주차장법,소계,46,7,-,1,-,3,-,2,1,39,-,1,-,4,1,5,28,41,8,0,0,0,1,1,3,3,33,0,0,1,2,4,3,23
"특별법범",주택법,소계,666,110,3,3,6,36,16,20,26,556,3,6,8,55,33,65,386,376,68,3,1,1,29,8,17,9,308,3,2,6,28,17,21,231
"특별법범",중대재해처벌등에관한법률,소계,-,-,-,-,-,-,-,-,-,-,-,-,-,-,-,-,-,3,0,0,0,0,0,0,0,0,3,0,0,0,0,1,1,1
"특별법범",직업안정법,소계,172,36,-,-,2,9,5,7,13,136,3,1,4,22,22,9,75,180,31,3,2,0,6,2,6,12,149,1,7,3,29,6,35,68
"특별법범",집회 및 시위에 관한법률,소계,274,86,2,6,6,27,4,12,29,188,1,3,7,19,20,21,117,323,104,3,3,3,35,15,18,27,219,2,2,4,21,29,27,134
"특별법범",청소년보호법,소계,2237,485,10,16,17,119,61,62,200,1752,14,20,19,143,120,141,1295,2729,589,17,18,32,112,84,95,231,2140,21,18,42,164,149,211,1535
"특별법범",총포·도검·화약류등의 안전관리에 관한법률,소계,204,7,-,-,-,1,2,1,3,197,1,2,4,13,16,12,149,300,20,0,0,2,1,1,4,12,280,1,0,3,20,12,21,223
"특별법범",최저임금법,소계,11,3,-,-,-,3,-,-,-,8,1,-,-,2,-,2,3,18,2,0,0,0,2,0,0,0,16,0,0,0,1,4,3,8
"특별법범",축산물위생관리법,소계,108,29,1,1,-,3,3,3,18,79,1,2,1,5,9,4,57,171,61,1,2,5,16,5,6,26,110,0,1,4,6,6,3,90
"특별법범",출입국관리법,소계,485,74,2,3,3,21,14,13,18,411,5,7,13,68,41,47,230,376,59,1,2,7,10,10,12,17,317,7,6,16,56,36,24,172
"특별법범",통신비밀보호법,소계,82,1,-,-,-,1,-,-,-,81,4,2,3,12,7,5,48,80,2,0,0,0,0,2,0,0,78,0,1,0,16,1,8,52
"특별법범",특가법(도주차량),소계,3931,717,17,21,44,91,63,68,413,3214,27,50,101,378,291,357,2010,3739,747,13,18,25,106,78,89,418,2992,28,62,92,294,294,355,1867
"특별법범",특허법,소계,9,-,-,-,-,-,-,-,-,9,-,-,-,-,-,-,9,13,1,0,0,0,0,0,0,1,12,0,0,0,0,1,2,9
"특별법범",폐기물관리법,소계,1186,333,8,26,41,147,26,41,44,853,11,19,25,107,76,85,530,1116,339,7,26,32,136,56,33,49,777,5,13,15,103,63,84,494
"특별법범",풍속영업의 규제에 관한법률,소계,52,21,-,-,3,6,1,5,6,31,1,-,-,1,2,8,19,60,26,0,0,1,7,4,6,8,34,0,0,2,1,4,5,22
"특별법범",하천법,소계,149,15,-,-,1,6,1,-,7,134,1,-,2,11,11,7,102,125,28,0,1,4,0,5,11,7,97,0,1,1,12,6,6,71
"특별법범",학교보건법,소계,-,-,-,-,-,-,-,-,-,-,-,-,-,-,-,-,-,0,0,0,0,0,0,0,0,0,0,0,0,0,0,0,0,0
"특별법범",학원의설립운영및과외교습에관한법률,소계,76,10,-,2,-,3,-,-,5,66,1,-,2,8,5,1,49,53,6,0,0,1,1,1,0,3,47,1,0,1,1,4,2,38
"특별법범",화물자동차운수사업법,소계,856,149,3,5,7,35,19,21,59,707,2,4,6,51,52,63,529,794,148,2,9,7,28,25,26,51,646,0,3,12,32,39,38,522
"특별법범",화재로 인한 재해보상과 보험가입에 관한법률,소계,13,-,-,-,-,-,-,-,-,13,-,-,-,2,1,2,8,4,0,0,0,0,0,0,0,0,4,0,0,0,1,0,0,3
"특별법범",화재예방·소방시설설치유지 및 안전관리에 관한법률,소계,53,7,-,-,2,4,1,-,-,46,1,1,1,4,4,5,30,-,-,-,-,-,-,-,-,-,-,-,-,-,-,-,-,-
"특별법범",화재의예방및안전에관한법률/소방시설설치및관리에관한법률,소계,-,-,-,-,-,-,-,-,-,-,-,-,-,-,-,-,-,37,7,0,0,0,3,1,1,2,30,0,0,2,2,0,6,20
"특별법범",화학물질관리법,소계,213,98,7,10,5,28,18,15,15,115,4,1,6,26,15,14,49,162,70,3,6,3,20,14,16,8,92,1,1,2,15,9,12,52
"특별법범",기타 특별법,소계,23570,6386,127,253,264,1393,883,909,2557,17184,212,433,526,2824,1764,2080,9345,24417,5945,128,211,290,1324,793,871,2328,18472,241,471,591,2832,1997,2294,10046
